index, codes
0,KR7037460003
1,KR7036620003
2,KR7322130006
3,KR7048530000
4,KR7038870002
5,KR7012860003
6,KR7011210002
7,KR7096610001
8,KR7285690004
9,KR7200040004
10,KR7000700005
11,KR7115530008
12,KR7132030008
13,KR7291610004
14,KR7095300000
15,KR7032820003
16,KR7036260008
17,KR7141020008
18,KR7092130004
19,KR7272560004
20,KR7066570003
21,KR7278620000
22,KR7112610001
23,KR7014911002
24,KR7290720002
25,KR7033290008
26,KR7302200001
27,KR7123310005
28,KR7004490009
29,KR7003850005
30,KR7084690007
31,KR7103130001
32,KR7015360001
33,KR7323280008
34,KR7023960008
35,KR7057050007
36,KR7261140008
37,KR7101680007
38,KR7171010002
39,KR7332710003
40,KR7034590000
41,KR7013570007
42,KR7204270003
43,KR7170030001
44,KR7301440004
45,KR7089230007
46,KR7007770001
47,KR7091580001
48,KR7035420009
49,KR7009140005
50,KR7317770006
51,KR7066970005
52,KR7025000001
53,KR7049550007
54,KR7010280006
55,KR7070590005
56,KR7044060002
57,KR7104520002
58,KR7013890009
59,KR7099660003
60,KR7054920004
61,KR7290740000
62,KR7105740005
63,KR7035900000
64,KR7005301007
65,KR7126880004
66,KR7260200001
67,KR7108320003
68,KR7272290008
69,KR7038290003
70,KR7136490000
71,KR7034120006
72,KR7034300004
73,KR7101170009
74,KR7077280006
75,KR7023440001
76,KR7018260000
77,KR7130730005
78,KR7211210000
79,KR7057680001
80,KR7080580004
81,KR7090370008
82,KR7084730001
83,KR7060720000
84,KR7033130006
85,KR7000910000
86,KR7007571003
87,KR7128820008
88,KR7007590003
89,KR7098660004
90,KR7292150000
91,KR7322780008
92,KR7092200005
93,KR7043610005
94,KR7001751007
95,KR7148140007
96,KR7000300004
97,KR7020150009
98,KR7023530009
99,KR7000950006
100,KR7002030005
101,KR7065130007
102,KR7001440007
103,KR7215200007
104,KR7094480001
105,KR7044180008
106,KR7287320006
107,KR7048470009
108,KR7037330008
109,KR7126640002
110,KR7001420009
111,KR7021650007
112,KR7092730001
113,KR7006280002
114,KR7091220004
115,KR7036570000
116,KR7001230002
117,KR7073110009
118,KR7109860007
119,KR7037710001
120,KR7032850000
121,KR7175250000
122,KR7252720008
123,KR7215620006
124,KR7080470008
125,KR7048410005
126,KR7044380004
127,KR7290130004
128,KR7142210004
129,KR7002350007
130,KR7009780008
131,KR7272910001
132,KR7105010003
133,KR7001200005
134,KR7038950002
135,KR7183710003
136,KR7069620003
137,KR7010950004
138,KR7010960003
139,KR7055550008
140,KR7079950002
141,KR7138250006
142,KR7342500006
143,KR7006650006
144,KR7089470009
145,KR7016600009
146,KR7047820006
147,KR7008290009
148,KR7261110001
149,KR7203450002
150,KR7000640003
151,KR7041520008
152,KR7097780001
153,KR7005300009
154,KR7094800000
155,KR7052770005
156,KR7009831009
157,KR7283930006
158,KR7159580000
159,KR7074610007
160,KR7004650008
161,KR7295000004
162,KR7038340006
163,KR7004981007
164,KR7308170000
165,KR7035250000
166,KR7239340003
167,KR7038010005
168,KR7054450002
169,KR7050860006
170,KR7025770009
171,KR7330990003
172,KR7046970000
173,KR7138920004
174,KR7065680001
175,KR7000150003
176,KR7042660001
177,KR7289670002
178,KR7067830000
179,KR7066590001
180,KR7307510008
181,KR7043580000
182,KR7307620005
183,KR7183700004
184,KR7196220008
185,KR7005380001
186,KR7064290000
187,KR7153270004
188,KR7272230004
189,KR7237690003
190,KR7012750006
191,KR7090470006
192,KR7187270004
193,KR7267850006
194,KR7285130001
195,KR7030960009
196,KR7041020009
197,KR7011790003
198,KR7168300002
199,KR7010420008
200,KR7045890001
201,KR7042670000
202,KR7101930006
203,KR7119830008
204,KR7253450001
205,KR7045300001
206,KR7337120000
207,KR7099190001
208,KR7008500001
209,KR7000520007
210,KR7173940008
211,KR7219960002
212,KR7248270001
213,KR7033560004
214,KR7138080007
215,KR7030200000
216,KR7000500009
217,KR7235980000
218,KR7002380004
219,KR7011690005
220,KR7281990002
221,KR7332940006
222,KR7253160006
223,KR7161490008
224,KR7215360009
225,KR7001800002
226,KR7005500004
227,KR7001680008
228,KR7102120003
229,KR7001721000
230,KR7179900006
231,KR7120030002
232,KR7063080006
233,KR7204620009
234,KR7032960007
235,KR7002990000
236,KR7266420009
237,KR7145850004
238,KR7039020003
239,KR7080420003
240,KR7011700002
241,KR7285490009
242,KR7102280005
243,KR7083660001
244,KR7003830007
245,KR7007720006
246,KR7291210003
247,KR7313760001
248,KR7092440007
249,KR7037440005
250,KR7138530001
251,KR7006620009
252,KR7126600006
253,KR7095720009
254,KR7072770001
255,KR7018000000
256,KR7239610009
257,KR7005010004
258,KR7025540006
259,KR7237750005
260,KR7089010003
261,KR7071320006
262,KR7215000001
263,KR7022100002
264,KR7006121008
265,KR7052860004
266,KR7205100001
267,KR7001560002
268,KR7049770001
269,KR7005252002
270,KR7017650003
271,KR7075970004
272,KR7323210005
273,KR7036830008
274,KR7065940009
275,KR7334690005
276,KR7138490008
277,KR7237820006
278,KR7332290006
279,KR7060570009
280,KR7013580006
281,KR7007210008
282,KR7086960002
283,KR7307750000
284,KR7287310007
285,KR7042600007
286,KR7215480005
287,KR7000881003
288,KR7032800005
289,KR7052330008
290,KR7117680009
291,KR7006400006
292,KR7037760006
293,KR7004980009
294,KR7292560000
295,KR7089850002
296,KR7024850000
297,KR7002782001
298,KR7121890008
299,KR7017390006
300,KR7000030007
301,KR7085910008
302,KR7266390004
303,KR7200130003
304,KR7006220008
305,KR7099520009
306,KR7219750007
307,KR7000250001
308,KR7033660002
309,KR7002390003
310,KR7086790003
311,KR7300290004
312,KR7182490003
313,KR7102780004
314,KR7003200003
315,KR7042000000
316,KR7204450001
317,KR7094860004
318,KR7293940003
319,KR7033200007
320,KR7019171008
321,KR7304780000
322,KR7232330001
323,KR7000721001
324,KR7300280005
325,KR7122630007
326,KR7139280002
327,KR7001140003
328,KR7226340008
329,KR7057500001
330,KR7047080007
331,KR7120110002
332,KR7133820001
333,KR7208370007
334,KR7290080001
335,KR7139220008
336,KR7049480007
337,KR7097870000
338,KR7096350004
339,KR7145990008
340,KR700680K019
341,KR7008970006
342,KR7095190005
343,KR7121600001
344,KR7023350002
345,KR7069510006
346,KR7180400004
347,KR7115450009
348,KR7044450005
349,KR7005290002
350,KR7001080001
351,KR7084870005
352,KR7029960002
353,KR7035080001
354,KR7003690005
355,KR7271740003
356,KR7130960008
357,KR7109960005
358,KR7016381006
359,KR7125210005
360,KR7145210001
361,KR7058470006
362,KR7108450008
363,KR7293180006
364,KR7002240000
365,KR7086250008
366,KR7200880003
367,KR7128940004
368,KR7011930005
369,KR7247790009
370,KR7151910007
371,KR7195970009
372,KR7069960003
373,KR7000050005
374,KR7114450000
375,KR7145720009
376,KR7101140002
377,KR7059210005
378,KR7015020001
379,KR7161580006
380,KR7157450008
381,KR7066900002
382,KR7252000005
383,KR7012610002
384,KR702826K016
385,KR7030720007
386,KR7018290007
387,KR7237370002
388,KR7015710007
389,KR7115960007
390,KR7236350005
391,KR7002410009
392,KR7026180000
393,KR7019180009
394,KR7149980005
395,KR7033830001
396,KR7061970000
397,KR7196230007
398,KR7288330004
399,KR7122870009
400,KR7051980001
401,KR7009440009
402,KR7214310005
403,KR7329560007
404,KR7140520008
405,KR7096240007
406,KR7184230001
407,KR7275630002
408,KR7290270008
409,KR7092040005
410,KR7258830009
411,KR7003070000
412,KR7274090000
413,KR7013520002
414,KR7221200009
415,KR7195920004
416,KR7004100004
417,KR7228670006
418,KR7316300003
419,KR7281820001
420,KR7214870008
421,KR7280360009
422,KR7033170002
423,KR7041460007
424,KR7072870009
425,KR7083470005
426,KR7228810008
427,KR7001780006
428,KR7000541003
429,KR7084180009
430,KR7245620000
431,KR7005990007
432,KR7012800009
433,KR7064480007
434,KR7012201000
435,KR7019540004
436,KR7264290008
437,KR7131400004
438,KR7056090004
439,KR7241390004
440,KR7005830005
441,KR7035760008
442,KR7317830008
443,KR7122690001
444,KR7220100002
445,KR7023790009
446,KR7292110004
447,KR7123410003
448,KR7054630009
449,KR7078520004
450,KR7308100007
451,KR7003650009
452,KR7004870002
453,KR7046110003
454,KR7073490005
455,KR7049120009
456,KR700104K010
457,KR7243890001
458,KR7138360003
459,KR7319660007
460,KR7002991008
461,KR7131890006
462,KR7087730008
463,KR7299660001
464,KR7277070009
465,KR7305540007
466,KR7101390003
467,KR7053290003
468,KR7139050009
469,KR7100130004
470,KR7007700008
471,KR7131100000
472,KR7210980009
473,KR7322410002
474,KR7267790004
475,KR7114100001
476,KR7049430002
477,KR7213630007
478,KR7021820006
479,KR7012160008
480,KR7128660008
481,KR7015540008
482,KR7220180004
483,KR7024740003
484,KR7304660004
485,KR7008350001
486,KR7234310001
487,KR7306200007
488,KR7038060000
489,KR7230480006
490,KR7001041003
491,KR7088390000
492,KR7018700005
493,KR7000542001
494,KR7023760002
495,KR7010141000
496,KR7263810004
497,KR7002460004
498,KR7245360003
499,KR7117690008
500,KR7105630008
501,KR7227840006
502,KR7028670008
503,KR7038070009
504,KR7007390008
505,KR7085660009
506,KR7267320000
507,KR7260270004
508,KR7152870002
509,KR7038880001
510,KR7023590003
511,KR7241820000
512,KR7126700004
513,KR7114190002
514,KR7041960006
515,KR7005800008
516,KR7123320004
517,KR7192250009
518,KR7033430000
519,KR7150840007
520,KR7315930008
521,KR7238720007
522,KR7099320004
523,KR7196700009
524,KR7287410005
525,KR7263700007
526,KR7298770009
527,KR7215100009
528,KR7298690009
529,KR7007310006
530,KR7067080002
531,KR7033240003
532,KR7193250008
533,KR7037370004
534,KR7272550005
535,KR7008730004
536,KR7275300002
537,KR7101000008
538,KR7008000002
539,KR7317240000
540,KR7287180004
541,KR7271050007
542,KR7067730002
543,KR7191420009
544,KR7001630003
545,KR7034730002
546,KR7024720005
547,KR7005820006
548,KR7033540006
549,KR7010050003
550,KR7087600003
551,KR7011781002
552,KR7094820008
553,KR7259630002
554,KR7027390004
555,KR7046440004
556,KR7319870002
557,KR7003410008
558,KR7003680006
559,KR7054540000
560,KR7091440008
561,KR7311390009
562,KR7041920000
563,KR7264660002
564,KR7192650000
565,KR7211560008
566,KR7134790005
567,KR7154030001
568,KR7002001006
569,KR7002420008
570,KR7140890005
571,KR7280940008
572,KR7261200000
573,KR7084691005
574,KR7004440004
575,KR718064K016
576,KR7098560006
577,KR7069640001
578,KR7200470003
579,KR7042700005
580,KR7024950008
581,KR7130680002
582,KR7019490002
583,KR7016590002
584,KR7238090005
585,KR7187220009
586,KR7253990006
587,KR7060540002
588,KR7194700001
589,KR7252670005
590,KR7298340001
591,KR7054410006
592,KR7016380008
593,KR7106190002
594,KR7048870000
595,KR7309230001
596,KR7083930008
597,KR7002790004
598,KR7079190005
599,KR7031330004
600,KR7101400000
601,KR7336160007
602,KR7007370000
603,KR7173130006
604,KR7047050000
605,KR7293580007
606,KR7222040008
607,KR7337150007
608,KR7067920009
609,KR7007460009
610,KR7109820001
611,KR7004561007
612,KR7246720007
613,KR7074600008
614,KR7160580007
615,KR7092780006
616,KR7213090004
617,KR7181710005
618,KR7071051007
619,KR7157520008
620,KR7215790007
621,KR7142280007
622,KR7096760004
623,KR7114260003
624,KR7290510007
625,KR7229640008
626,KR7250780004
627,KR7004101002
628,KR7256440009
629,KR7073640005
630,KR7153360003
631,KR7000811000
632,KR7000850008
633,KR7284620002
634,KR7016740003
635,KR7104620000
636,KR7089030001
637,KR7005090006
638,KR7323230003
639,KR7086900008
640,KR7003100005
641,KR7219420007
642,KR7020180006
643,KR7020710000
644,KR7265920009
645,KR7277410007
646,KR7255440000
647,KR7052260007
648,KR7010470003
649,KR7089600001
650,KR7028150001
651,KR7267450005
652,KR7001500008
653,KR7092230002
654,KR7073540007
655,KR7226330009
656,KR7100250000
657,KR7012030003
658,KR7091210005
659,KR7021050000
660,KR7295040000
661,KR7140910001
662,KR7033320003
663,KR7032860009
664,KR7000720003
665,KR7004780003
666,KR7098120009
667,KR7058730003
668,KR7071090005
669,KR7005490008
670,KR7192400000
671,KR7012690004
672,KR7001450006
673,KR7250730009
674,KR7079000006
675,KR7342550001
676,KR7028080000
677,KR7278420005
678,KR7111710000
679,KR7256150004
680,KR7049720006
681,KR7071840003
682,KR7138230008
683,KR7108590001
684,KR7317870004
685,KR7047440003
686,KR7004970000
687,KR7079650008
688,KR7131220006
689,KR7224060004
690,KR7306520008
691,KR7302190004
692,KR7229200001
693,KR7064800006
694,KR7207720004
695,KR7063170005
696,KR7016090003
697,KR7031430002
698,KR7307070003
699,KR7245710009
700,KR7083790006
701,KR7032540007
702,KR7027360007
703,KR7036800001
704,KR7068270008
705,KR7050760008
706,KR7064090004
707,KR7294140009
708,KR7086890001
709,KR7044480002
710,KR7099350001
711,KR7214180002
712,KR7282000009
713,KR7256450008
714,KR7081150005
715,KR7315270009
716,KR7002450005
717,KR7086520004
718,KR7322000001
719,KR7196450001
720,KR7020400008
721,KR7093920007
722,KR7043340009
723,KR7129260006
724,KR7000860007
725,KR7298380007
726,KR7033110008
727,KR7122310006
728,KR7034830000
729,KR7054340005
730,KR7265690008
731,KR7200670008
732,KR7001521004
733,KR7309200004
734,KR7332620004
735,KR7035150002
736,KR7089980007
737,KR7001511005
738,KR7091970004
739,KR7112040001
740,KR7065650004
741,KR7026040006
742,KR7093320000
743,KR7090080003
744,KR7256940008
745,KR7138540000
746,KR7016360000
747,KR7001120005
748,KR7043100007
749,KR7307020008
750,KR7310970009
751,KR7009580002
752,KR7217600006
753,KR7261120000
754,KR7225040005
755,KR7263770000
756,KR7320000003
757,KR7016710006
758,KR7267770006
759,KR7012330007
760,KR7310080007
761,KR7003921004
762,KR7006490007
763,KR7018680009
764,KR7251890000
765,KR7030350003
766,KR7066360009
767,KR7045520004
768,KR7091230003
769,KR7102210002
770,KR7005850003
771,KR7006040000
772,KR7041590001
773,KR7009300005
774,KR7221840002
775,KR7291130003
776,KR7078130002
777,KR7131970006
778,KR7001770007
779,KR7261250005
780,KR7078890001
781,KR7003080009
782,KR7227570009
783,KR7194510004
784,KR7010780005
785,KR733626K021
786,KR7234340008
787,KR7095570008
788,KR7109080002
789,KR7001250000
790,KR7234690006
791,KR7005360003
792,KR7307280008
793,KR7012200002
794,KR7073070005
795,KR7139480008
796,KR7251370003
797,KR7028260008
798,KR7026960005
799,KR7095660007
800,KR7002351005
801,KR7001620004
802,KR7307870006
803,KR7067900001
804,KR7011000007
805,KR7211270004
806,KR7053350005
807,KR7234300002
808,KR7004200002
809,KR7071970008
810,KR7047310008
811,KR7011500006
812,KR7292130002
813,KR7244660007
814,KR7317120004
815,KR7032620007
816,KR7010040004
817,KR7017250002
818,KR7094280005
819,KR703473K016
820,KR7029530003
821,KR7031820004
822,KR7108380007
823,KR7195930003
824,KR7200780005
825,KR7216080002
826,KR7054300009
827,KR7083650002
828,KR7009810003
829,KR7003520004
830,KR7011320009
831,KR7053300000
832,KR7174360008
833,KR7006570006
834,KR7003071008
835,KR7039240007
836,KR7198440000
837,KR7325010007
838,KR7000490003
839,KR7023460009
840,KR7219550001
841,KR7025530007
842,KR7019590009
843,KR7276920006
844,KR7067630004
845,KR7282880004
846,KR7020760005
847,KR7276970001
848,KR7285010005
849,KR7138070008
850,KR7251340006
851,KR7121440002
852,KR7019210004
853,KR7003090008
854,KR7006920003
855,KR7170900005
856,KR7037950003
857,KR7051630002
858,KR7306950007
859,KR7316140003
860,KR7094850005
861,KR7065950008
862,KR7171090004
863,KR7032680001
864,KR7078931003
865,KR7054090006
866,KR7220260004
867,KR7340440007
868,KR7038530002
869,KR7033600008
870,KR7298050006
871,KR7090410002
872,KR7178320008
873,KR7099220006
874,KR7011760006
875,KR7300310000
876,KR7008770000
877,KR7257370007
878,KR728513K010
879,KR7058420001
880,KR7096770003
881,KR7030520001
882,KR7234100006
883,KR7292570009
884,KR7093520005
885,KR7056080005
886,KR7008110009
887,KR7052420007
888,KR7277540001
889,KR7023890007
890,KR7062970009
891,KR7094940004
892,KR7089590004
893,KR7001380005
894,KR7232270009
895,KR7086820008
896,KR7227550001
897,KR7038110003
898,KR7011080009
899,KR7022220008
900,KR7042370007
901,KR7084110006
902,KR7139230007
903,KR7088290002
904,KR7035480003
905,KR7214150005
906,KR7045100005
907,KR7025980004
908,KR7000390005
909,KR7004251005
910,KR7225440007
911,KR7033780008
912,KR7053450003
913,KR7241710003
914,KR7266160001
915,KR7015890007
916,KR7326240009
917,KR7004831004
918,KR7329670004
919,KR7137940003
920,KR7000890004
921,KR7088980008
922,KR7328380001
923,KR7031510001
924,KR7042500009
925,KR7138580006
926,KR7009320003
927,KR7013120001
928,KR7123570004
929,KR7291630002
930,KR7017370008
931,KR7007330004
932,KR7257730002
933,KR7064260003
934,KR7051901007
935,KR7195870001
936,KR7086390002
937,KR7195980008
938,KR7099410003
939,KR7090730003
940,KR7227830007
941,KR7149950008
942,KR7215600008
943,KR7282690007
944,KR7046070009
945,KR7014190003
946,KR7307950006
947,KR7055490007
948,KR7284740008
949,KR7225800002
950,KR7056700008
951,KR7279600001
952,KR7011230000
953,KR7275980001
954,KR7155660004
955,KR7237880000
956,KR7122900004
957,KR7310870001
958,KR7081000002
959,KR7155960008
960,KR7002210003
961,KR7284980000
962,KR7290670009
963,KR7284430006
964,KR7134780006
965,KR7008351009
966,KR7307520007
967,KR7081970006
968,KR7322510009
969,KR7004370003
970,KR7282330000
971,KR7005382007
972,KR7082920000
973,KR7069540003
974,KR7101060002
975,KR7332930007
976,KR7092600006
977,KR7275290005
978,KR7286940002
979,KR7038680005
980,KR7001260009
981,KR7189980006
982,KR7054930003
983,KR7000240002
984,KR7009290008
985,KR7139660005
986,KR7052690005
987,KR7319640009
988,KR7003670007
989,KR700499K014
990,KR7225130004
991,KR7095270005
992,KR7196490007
993,KR7000270009
994,KR7080000003
995,KR7086670007
996,KR7036560001
997,KR7025870007
998,KR7241790005
999,KR7005070008
1000,KR7217500008
1001,KR7003550001
1002,KR7303030001
1003,KR7019440007
1004,KR7321260002
1005,KR7221980006
1006,KR7004920005
1007,KR7033250002
1008,KR7067170001
1009,KR7037030004
1010,KR7006910004
1011,KR7054180005
1012,KR7006370001
1013,KR7004720009
1014,KR7263190001
1015,KR7322400003
1016,KR7219860004
1017,KR7068400001
1018,KR7097951008
1019,KR7058450008
1020,KR7006800007
1021,KR7228760005
1022,KR7019770007
1023,KR7019660000
1024,KR7002781003
1025,KR7195990007
1026,KR7304940000
1027,KR7054950001
1028,KR7013700000
1029,KR7014100002
1030,KR7093230001
1031,KR7007680002
1032,KR7244620001
1033,KR7300950003
1034,KR7292500006
1035,KR7261060008
1036,KR7108860008
1037,KR7036190007
1038,KR7099830002
1039,KR7204320006
1040,KR7063440002
1041,KR7000220004
1042,KR7005690003
1043,KR7117730002
1044,KR7275540003
1045,KR7222110009
1046,KR7217190008
1047,KR7214980005
1048,KR7010120004
1049,KR7089970008
1050,KR7006890008
1051,KR7283580009
1052,KR7039560008
1053,KR7006580005
1054,KR7304670003
1055,KR7252500004
1056,KR7083450007
1057,KR7001940006
1058,KR7017180001
1059,KR7036170009
1060,KR7262830003
1061,KR7053060000
1062,KR7144960002
1063,KR7333950004
1064,KR7066980004
1065,KR7091120006
1066,KR7011090008
1067,KR7114800006
1068,KR7006390009
1069,KR7269530002
1070,KR7227540002
1071,KR7079810008
1072,KR7043200005
1073,KR7085810000
1074,KR7002230001
1075,KR7331380006
1076,KR7278530001
1077,KR7089530000
1078,KR7000480004
1079,KR7039440003
1080,KR7046120002
1081,KR7000151001
1082,KR7015750003
1083,KR7102970001
1084,KR7102940004
1085,KR7068330000
1086,KR7075130005
1087,KR7192820009
1088,KR7263720005
1089,KR7306530007
1090,KR7027830009
1091,KR7017810003
1092,KR7039340005
1093,KR7033160003
1094,KR7149940009
1095,KR7105780001
1096,KR7112240007
1097,KR7000080002
1098,KR7307610006
1099,KR7042940007
1100,KR7070960000
1101,KR7003551009
1102,KR7101160000
1103,KR7160600003
1104,KR7017680000
1105,KR7253240006
1106,KR7080530009
1107,KR7000070003
1108,KR7091160002
1109,KR7289040008
1110,KR7002630002
1111,KR7036420008
1112,KR7067000000
1113,KR7007610009
1114,KR7236460002
1115,KR7054210000
1116,KR7004690004
1117,KR7292730009
1118,KR7001523000
1119,KR7066910001
1120,KR7047770003
1121,KR7007690001
1122,KR7003570009
1123,KR7003471000
1124,KR7005741004
1125,KR7044490001
1126,KR7003010006
1127,KR7249420001
1128,KR7003280005
1129,KR7312610009
1130,KR7214450009
1131,KR7118990001
1132,KR7001570001
1133,KR7185750007
1134,KR7272580002
1135,KR7222800005
1136,KR7068240001
1137,KR7043590009
1138,KR7000322008
1139,KR7065660003
1140,KR7253840003
1141,KR733637K010
1142,KR7002720001
1143,KR7251630000
1144,KR7016610008
1145,KR7127120004
1146,KR7030000004
1147,KR7204210009
1148,KR7001681006
1149,KR7014970008
1150,KR7167860006
1151,KR7058850009
1152,KR7045970001
1153,KR7126870005
1154,KR7347140006
1155,KR7011300001
1156,KR7004560009
1157,KR7039740006
1158,KR7004983003
1159,KR7004960001
1160,KR7054670005
1161,KR7244460002
1162,KR7238200000
1163,KR7139130009
1164,KR7019570001
1165,KR7100660000
1166,KR7053210001
1167,KR7114090004
1168,KR7245340005
1169,KR7244670006
1170,KR7097750004
1171,KR7267500007
1172,KR7238670004
1173,KR7011170008
1174,KR7226360006
1175,KR7000211003
1176,KR7025880006
1177,KR7005381009
1178,KR7005880000
1179,KR7018880005
1180,KR7050540004
1181,KR7036480002
1182,KR7009680000
1183,KR7182360008
1184,KR7292190006
1185,KR7023800006
1186,KR7109740001
1187,KR7001061001
1188,KR7032940009
1189,KR7108490004
1190,KR7008830002
1191,KR7086040003
1192,KR7005931001
1193,KR7208710004
1194,KR7046940003
1195,KR7342610003
1196,KR7038460002
1197,KR7107590002
1198,KR7001793009
1199,KR7252710009
1200,KR7217820000
1201,KR7139320006
1202,KR7214370009
1203,KR7280930009
1204,KR7083420000
1205,KR7263750002
1206,KR7317330009
1207,KR7130580004
1208,KR7131030009
1209,KR7000680009
1210,KR7033230004
1211,KR7010240000
1212,KR7027050004
1213,KR7091180000
1214,KR7003120003
1215,KR7011280005
1216,KR7115310005
1217,KR7000320002
1218,KR7260930003
1219,KR7081580003
1220,KR7001750009
1221,KR7280920000
1222,KR7041140005
1223,KR7000210005
1224,KR7014530000
1225,KR7024940009
1226,KR7156100000
1227,KR7004310009
1228,KR7000670000
1229,KR7035510007
1230,KR7315960005
1231,KR7238490007
1232,KR7276000007
1233,KR7103230009
1234,KR7030790000
1235,KR7155650005
1236,KR7065770000
1237,KR7114470008
1238,KR7060900008
1239,KR7237440003
1240,KR7083370007
1241,KR7041190000
1242,KR7018500009
1243,KR7003350006
1244,KR7046390001
1245,KR7221950009
1246,KR7226400000
1247,KR7091590000
1248,KR7090150004
1249,KR7115480006
1250,KR7036000008
1251,KR7222810004
1252,KR7304760002
1253,KR7054220009
1254,KR7247800006
1255,KR7250930005
1256,KR7035000009
1257,KR7153460001
1258,KR7005680004
1259,KR7295890008
1260,KR7204480008
1261,KR7049960008
1262,KR7232080002
1263,KR7046890000
1264,KR7060980000
1265,KR7014790000
1266,KR7255220006
1267,KR7002170009
1268,KR7042040006
1269,KR700088K015
1270,KR7265480004
1271,KR7210780003
1272,KR7317030005
1273,KR7000071001
1274,KR7005320007
1275,KR7005110002
1276,KR7005430004
1277,KR7148250004
1278,KR7043360007
1279,KR7187420005
1280,KR7294400007
1281,KR7050090000
1282,KR7000660001
1283,KR7104700000
1284,KR7047400007
1285,KR7096630009
1286,KR7108230004
1287,KR7168490001
1288,KR7214420002
1289,KR7090350000
1290,KR7003610003
1291,KR7023770001
1292,KR7269620001
1293,KR7069080000
1294,KR7004450003
1295,KR7138520002
1296,KR7003060001
1297,KR7023160005
1298,KR7095500005
1299,KR7094970001
1300,KR7271560005
1301,KR7144600004
1302,KR7021041009
1303,KR7085310001
1304,KR7060380003
1305,KR7192440006
1306,KR7203650007
1307,KR7014570006
1308,KR7152180006
1309,KR7156080004
1310,KR7079430005
1311,KR7104540000
1312,KR7218150001
1313,KR7079440004
1314,KR7095700001
1315,KR7083310003
1316,KR7218710002
1317,KR7031390008
1318,KR7140070004
1319,KR7013310008
1320,KR7222080004
1321,KR7072130008
1322,KR7001740000
1323,KR7011070000
1324,KR7039030002
1325,KR7302180005
1326,KR7195440003
1327,KR7248170003
1328,KR7268600004
1329,KR7016580003
1330,KR7039310008
1331,KR7017940008
1332,KR7289480006
1333,KR7011370004
1334,KR7290660000
1335,KR7094840006
1336,KR7140950007
1337,KR7025860008
1338,KR7134380005
1339,KR7065710006
1340,KR7179290002
1341,KR7104200001
1342,KR7123890006
1343,KR7143160000
1344,KR7241520006
1345,KR7068290006
1346,KR7006120000
1347,KR7304770001
1348,KR7297090003
1349,KR7001460005
1350,KR7043290006
1351,KR7004000006
1352,KR7115390007
1353,KR7136480001
1354,KR7119860005
1355,KR733637K028
1356,KR7006260004
1357,KR7299080002
1358,KR7278280003
1359,KR7013990007
1360,KR7064240005
1361,KR7122640006
1362,KR7147760003
1363,KR7026150003
1364,KR7108670001
1365,KR7025900002
1366,KR7225590009
1367,KR7300640000
1368,KR7005251004
1369,KR7054780002
1370,KR7217790005
1371,KR7079550000
1372,KR7306620006
1373,KR7258790005
1374,KR7004541009
1375,KR7001271006
1376,KR7027040005
1377,KR7140670001
1378,KR7067280008
1379,KR7003380003
1380,KR7090360009
1381,KR7027580000
1382,KR7273060004
1383,KR7006341002
1384,KR7331910000
1385,KR7161000005
1386,KR7058820002
1387,KR7217770007
1388,KR7251970000
1389,KR7294870001
1390,KR7007110000
1391,KR7060560000
1392,KR7291620003
1393,KR7124500000
1394,KR7003411006
1395,KR7183300003
1396,KR7002021004
1397,KR7013030002
1398,KR7250060001
1399,KR7313750002
1400,KR7067770008
1401,KR7039670005
1402,KR7300720000
1403,KR7261070007
1404,KR7265520007
1405,KR7270810005
1406,KR7005810007
1407,KR7052790003
1408,KR7006401004
1409,KR7006200000
1410,KR7298000001
1411,KR7080720006
1412,KR7069140002
1413,KR7230240004
1414,KR7208640003
1415,KR7014130009
1416,KR7066110008
1417,KR7005250006
1418,KR7006110001
1419,KR7214320004
1420,KR7054040001
1421,KR7220630008
1422,KR7003461001
1423,KR7035890003
1424,KR7031980006
1425,KR7117700005
1426,KR7143860005
1427,KR7170790000
1428,KR7043090000
1429,KR7200030005
1430,KR7344820006
1431,KR7329660005
1432,KR7025820002
1433,KR7006380000
1434,KR7069330009
1435,KR7189690001
1436,KR7152280004
1437,KR7263860009
1438,KR7291680007
1439,KR7120111000
1440,KR7001522002
1441,KR7292160009
1442,KR7335890000
1443,KR7038620001
1444,KR7214390007
1445,KR7161890009
1446,KR7043220003
1447,KR7290120005
1448,KR7014620009
1449,KR7052900008
1450,KR7081660003
1451,KR7082660002
1452,KR7053110003
1453,KR7006050009
1454,KR7269420006
1455,KR7017040007
1456,KR7287300008
1457,KR7002840007
1458,KR7008260002
1459,KR7002700003
1460,KR7094170008
1461,KR7266370006
1462,KR7227100005
1463,KR7078340007
1464,KR7217480003
1465,KR7000590000
1466,KR7007811003
1467,KR7012280004
1468,KR7333980001
1469,KR7038390001
1470,KR7009520008
1471,KR7178780003
1472,KR7025620006
1473,KR7051370005
1474,KR7011330008
1475,KR7292140001
1476,KR7012450003
1477,KR7208350009
1478,KR7057880007
1479,KR7268280005
1480,KR7217810001
1481,KR7332500008
1482,KR7012600003
1483,KR7024110009
1484,KR7076080001
1485,KR7064960008
1486,KR7087260006
1487,KR7060480001
1488,KR7300120003
1489,KR7300610003
1490,KR7001790005
1491,KR7033920000
1492,KR7005383005
1493,KR7060230000
1494,KR7057030009
1495,KR7017960006
1496,KR7154040000
1497,KR7024890006
1498,KR7060250008
1499,KR7003540002
1500,KR7000430009
1501,KR7005941000
1502,KR7035200005
1503,KR7091810002
1504,KR7005750005
1505,KR7058650003
1506,KR7026890004
1507,KR7244580007
1508,KR7021320007
1509,KR7091990002
1510,KR7295820005
1511,KR7064350002
1512,KR7123420002
1513,KR7300300001
1514,KR7122990005
1515,KR7009460007
1516,KR7004090007
1517,KR7039490008
1518,KR7161500004
1519,KR7091340000
1520,KR7137400008
1521,KR7005610001
1522,KR7203780002
1523,KR7136510005
1524,KR7122450000
1525,KR7137950002
1526,KR7065620007
1527,KR7245350004
1528,KR7068930007
1529,KR7145020004
1530,KR7043710003
1531,KR7291890002
1532,KR7010140002
1533,KR7003000007
1534,KR7003220001
1535,KR7023600000
1536,KR7069920007
1537,KR7047920004
1538,KR7160980009
1539,KR7050960004
1540,KR7299910000
1541,KR7049070006
1542,KR7009411000
1543,KR7213610009
1544,KR7293480000
1545,KR7206640005
1546,KR7138610001
1547,KR7002800001
1548,KR7039200001
1549,KR7270520000
1550,KR7032350001
1551,KR7238120000
1552,KR7014710008
1553,KR7002250009
1554,KR7016670002
1555,KR7227560000
1556,KR7032640005
1557,KR7009271008
1558,KR7204420004
1559,KR7108671009
1560,KR7287330005
1561,KR7032750002
1562,KR7223190000
1563,KR7161390000
1564,KR7105190003
1565,KR7127710002
1566,KR7047810007
1567,KR7033050006
1568,KR733626K013
1569,KR7000120006
1570,KR7066430000
1571,KR7175330000
1572,KR7281410001
1573,KR7005440003
1574,KR7017510009
1575,KR7190160002
1576,KR7067570002
1577,KR7044340008
1578,KR7047040001
1579,KR7121850002
1580,KR7264450008
1581,KR7073560005
1582,KR7228790002
1583,KR7067290007
1584,KR7278650007
1585,KR7110020005
1586,KR7071050009
1587,KR7051600005
1588,KR7049520000
1589,KR7059100008
1590,KR7093380004
1591,KR7004890000
1592,KR7066571001
1593,KR7019681006
1594,KR7204990006
1595,KR7065510000
1596,KR7016790008
1597,KR7206400004
1598,KR7004060000
1599,KR7012320008
1600,KR7003470002
1601,KR7114820004
1602,KR7247540008
1603,KR7223310004
1604,KR7004982005
1605,KR7187870001
1606,KR7002710002
1607,KR7004540001
1608,KR7130660004
1609,KR7145670006
1610,KR7001210004
1611,KR7002810000
1612,KR7000180000
1613,KR7101280006
1614,KR7295020002
1615,KR7192410009
1616,KR7045390002
1617,KR7001020007
1618,KR7060300001
1619,KR7258610005
1620,KR7053620001
1621,KR7051170009
1622,KR7240810002
1623,KR7002290005
1624,KR7177350006
1625,KR7040350001
1626,KR7187790001
1627,KR7088260005
1628,KR7003920006
1629,KR7061460002
1630,KR7340360007
1631,KR7122350002
1632,KR7041650003
1633,KR7096300009
1634,KR7003460003
1635,KR7001840008
1636,KR7266550003
1637,KR7036690006
1638,KR7080160005
1639,KR7241690007
1640,KR7016100000
1641,KR7064510001
1642,KR7310960000
1643,KR7196030001
1644,KR7067390005
1645,KR7333050003
1646,KR7080010002
1647,KR7010400000
1648,KR7302210000
1649,KR7038160008
1650,KR7058530007
1651,KR7002100006
1652,KR7029780004
1653,KR7052460003
1654,KR7292120003
1655,KR7071950000
1656,KR7011420007
1657,KR7001461003
1658,KR7344050000
1659,KR7240540005
1660,KR7003491008
1661,KR7000991000
1662,KR7291660009
1663,KR7267260008
1664,KR7308620004
1665,KR7176710002
1666,KR7302430004
1667,KR7011151008
1668,KR7305720005
1669,KR7082270000
1670,KR7093190007
1671,KR7119650000
1672,KR7011200003
1673,KR7053280004
1674,KR7048830004
1675,KR7208470005
1676,KR7032560005
1677,KR7034310003
1678,KR7010100006
1679,KR7017800004
1680,KR7087220000
1681,KR7002920007
1682,KR7075180000
1683,KR7010770006
1684,KR7223040007
1685,KR7049950009
1686,KR7004130001
1687,KR7291230001
1688,KR7085670008
1689,KR7148020001
1690,KR7007660004
1691,KR7241180009
1692,KR7182480004
1693,KR7206660003
1694,KR7290550003
1695,KR7006880009
1696,KR7003580008
1697,KR7090850009
1698,KR7002820009
1699,KR7056000003
1700,KR7105560007
1701,KR7049180003
1702,KR7256840000
1703,KR7172580003
1704,KR7148150006
1705,KR7214270001
1706,KR7009190000
1707,KR7033640004
1708,KR7302170006
1709,KR7307010009
1710,KR7003230000
1711,KR7034230003
1712,KR7009420001
1713,KR7166090001
1714,KR7251600003
1715,KR7032980005
1716,KR7243880002
1717,KR7066700006
1718,KR7036200004
1719,KR7036630002
1720,KR7138910005
1721,KR7219130002
1722,KR7032830002
1723,KR7075580001
1724,KR7218410009
1725,KR7010620003
1726,KR7040610008
1727,KR7002960003
1728,KR7071280002
1729,KR7272210006
1730,KR7003560000
1731,KR7023450000
1732,KR7309930006
1733,KR7008250003
1734,KR7097950000
1735,KR7000082008
1736,KR7010660009
1737,KR7000321000
1738,KR7069260008
1739,KR7292050002
1740,KR7333970002
1741,KR7346000003
1742,KR7004131009
1743,KR7073570004
1744,KR7018120006
1745,KR7110990009
1746,KR7071460000
1747,KR7138690003
1748,KR7066410002
1749,KR7048430003
1750,KR7227610003
1751,KR7019990001
1752,KR7006360002
1753,KR7001530005
1754,KR7007280001
1755,KR7050110006
1756,KR7036540003
1757,KR7021080007
1758,KR7034810002
1759,KR7041830001
1760,KR7279410005
1761,KR7030270003
1762,KR7288620008
1763,KR7226350007
1764,KR7256750001
1765,KR7227950003
1766,KR7027740000
1767,KR7123750002
1768,KR7342140001
1769,KR7100790005
1770,KR7018310003
1771,KR7008470007
1772,KR7000101006
1773,KR7035720002
1774,KR7141070003
1775,KR7016450009
1776,KR7000141002
1777,KR7014580005
1778,KR7045340007
1779,KR7123010001
1780,KR7036010007
1781,KR7254120009
1782,KR7003780004
1783,KR7182690008
1784,KR7190150003
1785,KR7007120009
1786,KR7342620002
1787,KR7267250009
1788,KR7114810005
1789,KR7039830005
1790,KR7140570003
1791,KR7103140000
1792,KR7271980005
1793,KR7336570007
1794,KR7104040001
1795,KR7100910009
1796,KR7014470009
1797,KR7014821003
1798,KR7143540003
1799,KR7056360001
1800,KR7092870005
1801,KR7036460004
1802,KR7004250007
1803,KR7050120005
1804,KR7025440009
1805,KR7006140008
1806,KR7051160000
1807,KR7019680008
1808,KR7341160000
1809,KR7005420005
1810,KR7000650002
1811,KR7307180000
1812,KR7321550006
1813,KR7013870001
1814,KR7311690002
1815,KR7252410006
1816,KR7017480005
1817,KR7053590006
1818,KR7115440000
1819,KR7092220003
1820,KR7000370007
1821,KR7267300002
1822,KR7004361002
1823,KR7004800009
1824,KR7053690004
1825,KR7053580007
1826,KR7160550000
1827,KR7101530004
1828,KR7057540007
1829,KR7079160008
1830,KR7305090003
1831,KR7020120002
1832,KR7008060006
1833,KR7100840008
1834,KR7181340001
1835,KR7281740001
1836,KR7023810005
1837,KR7039420005
1838,KR7051360006
1839,KR7079980009
1840,KR7095910006
1841,KR7090710005
1842,KR7243840006
1843,KR7263800005
1844,KR726490K013
1845,KR7336370002
1846,KR7140580002
1847,KR7036890002
1848,KR7072990005
1849,KR7328370002
1850,KR7101730000
1851,KR7140860008
1852,KR7265560003
1853,KR7049470008
1854,KR7078940004
1855,KR7090431008
1856,KR7115570004
1857,KR7078350006
1858,KR7123330003
1859,KR7096771001
1860,KR7042110007
1861,KR7007810005
1862,KR7323940007
1863,KR7104530001
1864,KR7080220007
1865,KR7212560007
1866,KR7104480009
1867,KR7140710005
1868,KR7077360006
1869,KR7008370009
1870,KR7189860000
1871,KR7266410000
1872,KR7029480001
1873,KR7004770004
1874,KR7144620002
1875,KR7306960006
1876,KR7141080002
1877,KR7015230006
1878,KR7215090002
1879,KR7152380002
1880,KR7226980001
1881,KR7001070002
1882,KR7000060004
1883,KR7032080004
1884,KR7007570005
1885,KR7039010004
1886,KR7089790000
1887,KR7214430001
1888,KR7008700007
1889,KR7336060009
1890,KR7024120008
1891,KR7000230003
1892,KR7225030006
1893,KR7052600004
1894,KR7333940005
1895,KR7252650007
1896,KR7074430000
1897,KR7170920003
1898,KR7044820009
1899,KR7205720006
1900,KR7033340001
1901,KR7228800009
1902,KR7036030005
1903,KR7071200000
1904,KR7083380006
1905,KR7053160008
1906,KR7035290006
1907,KR7068760008
1908,KR7243070000
1909,KR7102460003
1910,KR7115610008
1911,KR7008040008
1912,KR7270800006
1913,KR7012700001
1914,KR7096870001
1915,KR7086450004
1916,KR7152500005
1917,KR7292100005
1918,KR7061040002
1919,KR7097520001
1920,KR7130500002
1921,KR7013810007
1922,KR7053950002
1923,KR7105330005
1924,KR7301400008
1925,KR7013000005
1926,KR7289080004
1927,KR7056190002
1928,KR7233160001
1929,KR7009410002
1930,KR7000970004
1931,KR7218420008
1932,KR7225530005
1933,KR7309210003
1934,KR7099440000
1935,KR7009450008
1936,KR7097230007
1937,KR7001791003
1938,KR7130740004
1939,KR7339950008
1940,KR7009240003
1941,KR7007160005
1942,KR7143210003
1943,KR7053260006
1944,KR7096530001
1945,KR7002780005
1946,KR7314250002
1947,KR7000540005
1948,KR7314700006
1949,KR7082850009
1950,KR7004140000
1951,KR7003620002
1952,KR7067160002
1953,KR7228340006
1954,KR7045510005
1955,KR7207760000
1956,KR7089890008
1957,KR7100700004
1958,KR7004270005
1959,KR7115160004
1960,KR7226380004
1961,KR7004170007
1962,KR7000152009
1963,KR7009770009
1964,KR7052670007
1965,KR7078600004
1966,KR7031440001
1967,KR7051390003
1968,KR7185680006
1969,KR7049630007
1970,KR7263050007
1971,KR7006660005
1972,KR7241840008
1973,KR7013720008
1974,KR7159910009
1975,KR7009730003
1976,KR7150460004
1977,KR7103840005
1978,KR7001880004
1979,KR7024900003
1980,KR7083550004
1981,KR7286750005
1982,KR7032790008
1983,KR7024810004
1984,KR7213500002
1985,KR7014680003
1986,KR7023150006
1987,KR7032280000
1988,KR7137610002
1989,KR7266360007
1990,KR7216050005
1991,KR7340350008
1992,KR7141000000
1993,KR7277630000
1994,KR7009540006
1995,KR7000810002
1996,KR7277480000
1997,KR7222170003
1998,KR7024840001
1999,KR7036180008
2000,KR7006090005
2001,KR7253290001
2002,KR7066130006
2003,KR7060260007
2004,KR7239660004
2005,KR7127160000
2006,KR7139670004
2007,KR7006340004
2008,KR7299170001
2009,KR7234080000
2010,KR7094190006
2011,KR7224110007
2012,KR7311270003
2013,KR7005870001
2014,KR7276990009
2015,KR7005670005
2016,KR7052300001
2017,KR7065570004
2018,KR7211260005
2019,KR7241590009
2020,KR7052710001
2021,KR7002680007
2022,KR7004840005
2023,KR7101330009
2024,KR7145991006
2025,KR700806K010
2026,KR7004411005
2027,KR7018470005
2028,KR7158310003
2029,KR7069410009
2030,KR7033790007
2031,KR7133690008
2032,KR7014440002
2033,KR7015260003
2034,KR7275280006
2035,KR7131090003
2036,KR7005450002
2037,KR7340120005
2038,KR7036490001
2039,KR7065690000
2040,KR7099750002
2041,KR7060240009
2042,KR7168330009
2043,KR7267440006
2044,KR7078070000
2045,KR7078590007
2046,KR7045660008
2047,KR7273140004
2048,KR7106520000
2049,KR7003541000
2050,KR7225060003
2051,KR7004830006
2052,KR7053660007
2053,KR7065560005
2054,KR7123840001
2055,KR7110790003
2056,KR7093050003
2057,KR7228820007
2058,KR7000440008
2059,KR7141240002
2060,KR7114460009
2061,KR7222180002
2062,KR7295880009
2063,KR7111770004
2064,KR7096040001
2065,KR7290380005
2066,KR7196170005
2067,KR7037560000
2068,KR7052190006
2069,KR7207930009
2070,KR7069730000
2071,KR7157500000
2072,KR7123260002
2073,KR7010951002
2074,KR7079940003
2075,KR7006740005
2076,KR7008420002
2077,KR7014200000
2078,KR7025890005
2079,KR7298020009
2080,KR7263920001
2081,KR7278540000
2082,KR7206560005
2083,KR7083500009
2084,KR7134580000
2085,KR7012340006
2086,KR7003030004
2087,KR7021040001
2088,KR7215750001
2089,KR7228850004
2090,KR7043260009
2091,KR7310840004
2092,KR7174350009
2093,KR7090460007
2094,KR7189300007
2095,KR7037230000
2096,KR7002300002
2097,KR7049080005
2098,KR7030210009
2099,KR7037070000
2100,KR7161510003
2101,KR7023430002
2102,KR7066670001
2103,KR7292340007
2104,KR7036530004
2105,KR7267490001
2106,KR7139310007
2107,KR7118000009
2108,KR7027410000
2109,KR7065170003
2110,KR7008560005
2111,KR7293780003
2112,KR7030530000
2113,KR7309190007
2114,KR7009310004
2115,KR7302450002
2116,KR7200230001
2117,KR7001340009
2118,KR7079370003
2119,KR7115500001
2120,KR7222190001
2121,KR7166400002
2122,KR7088800008
2123,KR7018250001
2124,KR7064820004
2125,KR7059120006
2126,KR7024070005
2127,KR7001470004
2128,KR7159800002
2129,KR7225570001
2130,KR7261220008
2131,KR7093240000
2132,KR7036580009
2133,KR7219580008
2134,KR7063160006
2135,KR7076610005
2136,KR7001520006
2137,KR7117460006
2138,KR7024910002
2139,KR7004020004
2140,KR7096690003
2141,KR7123700007
2142,KR7002140002
2143,KR7003800000
2144,KR7047560008
2145,KR7310200001
2146,KR7072520000
2147,KR7009180001
2148,KR7225430008
2149,KR7039790001
2150,KR7316670009
2151,KR7014160006
2152,KR7295840003
2153,KR7215380007
2154,KR7301410007
2155,KR7322180001
2156,KR7140410002
2157,KR7036810000
2158,KR7100590009
2159,KR7000222000
2160,KR7105840003
2161,KR7267270007
2162,KR7322120007
2163,KR7007630007
2164,KR7068940006
2165,KR7001430008
2166,KR7225330000
2167,KR7004700001
2168,KR7192390003
2169,KR7306540006
2170,KR7269540001
2171,KR7007530009
2172,KR7004910006
2173,KR7023410004
2174,KR7085620003
2175,KR7010640001
2176,KR7170350003
2177,KR7092190008
2178,KR7140700006
2179,KR7317530004
2180,KR7217330000
2181,KR7043650001
2182,KR7119850006
2183,KR7033270000
2184,KR7094360005
2185,KR7071850002
2186,KR7192720001
2187,KR7095610002
2188,KR7253230007
2189,KR7327260006
2190,KR7334700002
2191,KR7092460005
2192,KR7211900006
2193,KR7018620005
2194,KR7236200002
2195,KR7043150002
2196,KR7253150007
2197,KR700279K010
2198,KR7058610007
2199,KR7133750000
2200,KR7014990006
2201,KR7065530008
2202,KR7040300006
2203,KR7178920005
2204,KR7206650004
2205,KR7337140008
2206,KR7023000003
2207,KR7009160003
2208,KR7277640009
2209,KR7000100008
2210,KR7220130009
2211,KR7026940007
2212,KR7091170001
2213,KR7011560000
2214,KR7317850006
2215,KR7285020004
2216,KR7077500007
2217,KR7123040008
2218,KR7077970002
2219,KR7002070001
2220,KR7004380002
2221,KR7233740000
2222,KR7043370006
2223,KR7272570003
2224,KR7181480005
2225,KR7019550003
2226,KR7036930006
2227,KR7041440009
2228,KR7015590003
2229,KR7305050007
2230,KR7294630009
2231,KR7019170000
2232,KR7272450008
2233,KR7309180008
2234,KR7033310004
2235,KR7158430009
2236,KR7138930003
2237,KR7139270003
2238,KR7039230008
2239,KR7079970000
2240,KR7123860009
2241,KR7027970003
2242,KR7267980001
2243,KR7263540007
2244,KR7010820009
2245,KR7196300008
2246,KR7008771008
2247,KR7204020002
2248,KR7317320000
2249,KR7028050003
2250,KR7007860000
2251,KR7065370009
2252,KR7278240007
2253,KR7067310003
2254,KR7011150000
2255,KR7113810006
2256,KR7100120005
2257,KR7008800005
2258,KR7123690000
2259,KR7027710003
2260,KR7035610005
2261,KR7295860001
2262,KR7023910003
2263,KR7117670000
2264,KR7006801005
2265,KR7235010006
2266,KR7082210006
2267,KR7031310006
2268,KR7136540002
2269,KR7010130003
2270,KR7177830007
2271,KR7028100006
2272,KR7031860000
2273,KR7101240000
2274,KR7157510009
2275,KR7190650002
2276,KR7033100009
2277,KR7086280005
2278,KR7175140003
2279,KR7054620000
2280,KR7302550009
2281,KR7263020000
2282,KR7035620004
2283,KR7040910002
2284,KR7054800008
2285,KR7008600009
2286,KR7064520000
2287,KR7058860008
2288,KR7063570006
2289,KR7014830004
2290,KR7003310000
2291,KR7222980005
2292,KR7073010001
2293,KR7298040007
2294,KR7058630005
2295,KR7153130000
2296,KR7046140000
2297,KR7033530007
2298,KR7011810009
2299,KR7205500002
2300,KR7099340002
2301,KR7084850007
2302,KR7143240000
2303,KR7013360003
2304,KR7058220005
2305,KR7105550008
2306,KR7088130000
2307,KR7040160004
2308,KR7058400003
2309,KR7049830003
2310,KR7263690000
2311,KR7264900002
2312,KR7321410003
2313,KR7111870002
2314,KR7073240004
2315,KR7276650009
2316,KR7017000001
2317,KR7192090009
2318,KR7001550003
2319,KR7039130000
2320,KR7053270005
2321,KR7246960009
2322,KR7010170009
2323,KR7215580002
2324,KR7001741008
2325,KR7016880007
2326,KR7039860002
2327,KR7000990002
2328,KR7048260004
2329,KR7101490001
2330,KR7114630007
2331,KR7086060001
2332,KR7008870008
2333,KR7065060006
2334,KR7183490002
2335,KR7051911006
2336,KR7000140004
2337,KR7084650001
2338,KR7002600005
2339,KR7333960003
2340,KR7139260004
2341,KR7042420000
2342,KR7000020008
2343,KR7157490004
2344,KR7253280002
2345,KR7121800007
2346,KR7051380004
2347,KR7192080000
2348,KR7066620006
2349,KR7183190008
2350,KR7067010009
2351,KR7318000007
2352,KR7078000007
2353,KR7143850006
2354,KR7014820005
2355,KR7197210008
2356,KR7007980006
2357,KR7147970008
2358,KR7263600009
2359,KR7210540001
2360,KR7200710002
2361,KR7194610002
2362,KR7109610006
2363,KR7142760008
2364,KR7048550008
2365,KR7271060006
2366,KR7001390004
2367,KR7012790002
2368,KR7080520000
2369,KR7186230009
2370,KR7002020006
2371,KR7253250005
2372,KR7032681009
2373,KR7095340006
2374,KR7065450009
2375,KR7219480001
2376,KR7143460004
2377,KR7058110008
2378,KR7040420002
2379,KR7153490008
2380,KR7053700001
2381,KR7024060006
2382,KR7056730005
2383,KR7051910008
2384,KR7101670008
2385,KR7002791002
2386,KR7222390007
2387,KR7191410000
2388,KR7046310009
2389,KR7163560006
2390,KR7024880007
2391,KR7064760002
2392,KR7036670008
2393,KR7299070003
2394,KR7003530003
2395,KR7042520007
2396,KR7015860000
2397,KR7065350001
2398,KR7001810001
2399,KR7060280005
2400,KR7251590006
2401,KR7326230000
2402,KR7084680008
2403,KR7004410007
2404,KR7060370004
2405,KR700781K015
2406,KR7044960003
2407,KR7011390002
2408,KR7044780005
2409,KR7200020006
2410,KR7131180002
2411,KR7309170009
2412,KR7241770007
2413,KR7000880005
2414,KR7272220005
2415,KR7078140001
2416,KR7185490000
2417,KR7307160002
2418,KR7204840003
2419,KR7176440006
2420,KR7005030002
2421,KR7082800004
2422,KR7030610000
2423,KR7104460001
2424,KR7102110004
2425,KR7190620005
2426,KR7025320003
2427,KR7005950001
2428,KR7138040001
2429,KR7002000008
2430,KR7099140006
2431,KR7034950006
2432,KR7020000006
2433,KR7205470008
2434,KR7009200007
2435,KR7035460005
2436,KR7019010008
2437,KR7051780005
2438,KR7037400009
2439,KR7201490000
2440,KR7190510008
2441,KR7002870004
2442,KR7002620003
2443,KR7051900009
2444,KR7009270000
2445,KR7180640005
2446,KR7102710001
2447,KR7139240006
2448,KR7008930000
2449,KR7001360007
2450,KR7221610009
2451,KR7003300001
2452,KR7090740002
2453,KR7014940001
2454,KR7011780004
2455,KR7015350002
2456,KR7225190008
2457,KR7208860007
2458,KR7033500000
2459,KR7026910000
2460,KR7296710007
2461,KR7214330003
2462,KR7059090001
2463,KR7237350004
2464,KR7171120009
2465,KR7000400002
2466,KR7226320000
2467,KR7123100000
2468,KR7002760007
2469,KR7035600006
2470,KR7332610005
2471,KR7131760001
2472,KR7091090001
2473,KR7214680001
2474,KR7028300002
2475,KR7006840003
2476,KR7337160006
2477,KR7072020001
2478,KR7003160009
2479,KR7001062009
2480,KR7052400009
2481,KR7084990001
2482,KR7012620001
2483,KR7251350005
2484,KR7003720000
2485,KR7002360006
2486,KR7266140003
2487,KR7001270008
2488,KR7289260002
2489,KR7069500007
2490,KR7010690006
2491,KR7007340003
2492,KR7139250005
2493,KR7289250003
2494,KR7330590001
2495,KR7111110003
2496,KR7169950003
2497,KR7078860004
2498,KR7261270003
2499,KR7284990009
2500,KR7071670004
2501,KR7229720008
2502,KR7029460003
2503,KR7226490001
2504,KR7034020008
2505,KR7007540008
2506,KR7306040007
2507,KR7197140007
2508,KR7009150004
2509,KR7014281000
2510,KR7208140004
2511,KR7097800007
2512,KR7131390007
2513,KR7122090004
2514,KR7032040008
2515,KR7103590006
2516,KR7007820004
2517,KR7322150004
2518,KR7024660003
2519,KR7277650008
2520,KR7001510007
2521,KR7232590000
2522,KR7062860002
2523,KR7016250003
2524,KR7030190003
2525,KR7248260002
2526,KR7182400002
2527,KR7078150000
2528,KR7018670000
2529,KR7001000009
2530,KR7252420005
2531,KR7128540002
2532,KR7007070006
2533,KR7002200004
2534,KR7096640008
2535,KR7069660009
2536,KR7004360004
2537,KR7208340000
2538,KR7001040005
2539,KR7117580001
2540,KR7058430000
2541,KR7273130005
2542,KR7279540009
2543,KR7082640004
2544,KR7003490000
2545,KR708537K039
2546,KR7198080004
2547,KR7025950007
2548,KR7147830004
2549,KR7032500001
2550,KR7290650001
2551,KR7032580003
2552,KR7078020005
2553,KR7005961008
2554,KR7222200008
2555,KR7052290004
2556,KR7261260004
2557,KR7041510009
2558,KR7004590006
2559,KR7131370009
2560,KR7089150007
2561,KR7217620004
2562,KR7122800006
2563,KR7065440000
2564,KR7053030003
2565,KR7069460004
2566,KR7066310004
2567,KR7000760009
2568,KR7003240009
2569,KR7192530004
2570,KR7292770005
2571,KR7036120004
2572,KR7048910004
2573,KR7189400005
2574,KR7039980008
2575,KR7034220004
2576,KR7016920001
2577,KR7005710009
2578,KR7005180005
2579,KR7025750001
2580,KR7124560004
2581,KR7002310001
2582,KR7038500005
2583,KR7297570004
2584,KR7078160009
2585,KR7014280002
2586,KR7012630000
2587,KR7024830002
2588,KR7065500001
2589,KR7034940007
2590,KR7174900001
2591,KR7009151002
2592,KR7100030006
2593,KR7213420003
2594,KR7336260005
2595,KR7225050004
2596,KR7079170007
2597,KR7144510005
2598,KR7119500007
2599,KR7000221002
2600,KR7078650009
2601,KR7317400000
2602,KR7060310000
2603,KR7285000006
2604,KR7250000007
2605,KR7005740006
2606,KR7242040004
2607,KR7015760002
2608,KR7083640003
2609,KR7329750004
2610,KR7244820007
2611,KR7195500004
2612,KR7063760003
2613,KR7001540004
2614,KR7002270007
2615,KR7166480004
2616,KR7270870009
2617,KR7307930008
2618,KR7053610002
2619,KR7318010006
2620,KR7219900008
2621,KR7102960002
2622,KR7084670009
2623,KR7002900009
2624,KR7093370005
2625,KR7051500007
2626,KR7136340007
2627,KR7342600004
2628,KR7039290002
2629,KR7004430005
2630,KR7012510004
2631,KR7001720002
2632,KR7087010005
2633,KR7152550000
2634,KR7003960002
2635,KR7241560002
2636,KR7200050003
2637,KR7119610004
2638,KR7037270006
2639,KR7003542008
2640,KR7217270008
2641,KR7025550005
2642,KR7001060003
2643,KR7016800005
2644,KR7111820007
2645,KR7338100001
2646,KR7267290005
2647,KR7114570005
2648,KR7041910001
2649,KR7100090000
2650,KR7033180001
2651,KR7252730007
2652,KR7012170007
2653,KR7001130004
2654,KR7052220001
2655,KR7046210001
2656,KR7168580009
2657,KR7005720008
2658,KR7006060008
2659,KR7049800006
2660,KR7161570007
2661,KR7115180002
2662,KR7004080008
2663,KR7005160007
2664,KR7246690002
2665,KR7272110008
2666,KR7109070003
2667,KR7234920007
2668,KR7066790007
2669,KR7067990002
2670,KR7021240007
2671,KR7005721006
2672,KR7010580009
2673,KR7082740002
2674,KR7048770002
2675,KR7148070006
2676,KR7204630008
2677,KR7289010001
2678,KR7246710008
2679,KR7017550005
2680,KR7089140008
2681,KR7009470006
2682,KR7053050001
2683,KR7092300003
2684,KR7150900009
2685,KR7003480001
2686,KR7131290009
2687,KR7060590007
2688,KR7252400007
2689,KR7011160009
2690,KR7079660007
2691,KR7086980000
2692,KR7005940002
2693,KR7039840004
2694,KR7152330007
2695,KR7219390002
2696,KR7305080004
2697,KR7065420002
2698,KR7104830005
2699,KR7261240006
2700,KR7333430007
2701,KR7010060002
2702,KR7214260002
2703,KR7000040006
2704,KR7023900004
2705,KR7064550007
2706,KR7061250007
2707,KR7043910009
2708,KR7042510008
2709,KR7292580008
2710,KR7084370006
2711,KR7032190001
2712,KR7002320000
2713,KR7013362009
2714,KR7041930009
2715,KR7036090009
2716,KR7004990008
2717,KR7292590007
2718,KR7300080009
2719,KR7060150000
2720,KR7014910004
2721,KR7079960001
2722,KR7207940008
2723,KR7021880000
2724,KR7200250009
2725,KR7036710002
2726,KR7020560009
2727,KR7025560004
2728,KR7068790005
2729,KR7039610001
2730,KR7005390000
2731,KR7052020005
2732,KR7073190001
2733,KR7159650001
2734,KR7134060003
2735,KR7226440006
2736,KR7006980007
2737,KR7001820000
2738,KR7151860004
2739,KR7264850009
2740,KR7217730001
2741,KR7084010008
2742,KR7072710007
2743,KR7126560002
2744,KR7005860002
2745,KR7176950004
2746,KR7152100004
2747,KR7036640001
2748,KR7280320003
2749,KR7004150009
2750,KR7069110005
2751,KR7017900002
2752,KR7261920003
2753,KR7085370005
2754,KR7155900004
2755,KR7194370003
2756,KR7088790001
2757,KR7005190004
2758,KR7337450001
2759,KR7078930005
2760,KR7002220002
2761,KR7108790007
2762,KR7024800005
2763,KR7230490005
2764,KR7017670001
2765,KR7102260007
2766,KR7335870002
2767,KR7004710000
2768,KR7122260003
2769,KR7256630005
2770,KR7092070002
2771,KR7009830001
2772,KR7088350004
2773,KR7315480004
2774,KR7260660006
2775,KR7054940002
2776,KR7001290006
2777,KR7002880003
2778,KR7008490005
2779,KR7251270005
2780,KR7106240005
2781,KR7114120009
2782,KR7137930004
2783,KR7093640001
2784,KR7225650001
2785,KR7011040003
2786,KR7003531001
2787,KR7253590004
2788,KR7226810000
2789,KR7050890003
2790,KR7106080005
2791,KR7068050004
2792,KR7230360000
2793,KR7006730006
2794,KR7098460009
2795,KR7009970005
2796,KR7080440001
2797,KR7329650006
2798,KR7120240007
2799,KR7299900001
2800,KR7072950009
2801,KR7174880005
2802,KR7088910005
2803,KR7153710009
2804,KR7002150001
2805,KR7269370003
2806,KR7026260000
2807,KR7038540001
2808,KR7035810001
2809,KR7065160004
2810,KR7009070004
2811,KR7279530000
2812,KR7319400008
2813,KR7329200000
2814,KR7017890005
2815,KR7139290001
2816,KR7247780000
2817,KR7016170003
2818,KR7275750008
2819,KR7203690003
2820,KR7054050000
2821,KR7232140004
2822,KR7053980009
2823,KR7070300009
2824,KR7009620006
2825,KR7230980005
2826,KR7194480000
2827,KR7145270005
2828,KR7091700005
2829,KR7053800009
2830,KR7292750007
2831,KR7002690006
2832,KR7072470008
2833,KR7090351008
2834,KR7005980008
2835,KR7028040004
2836,KR7217780006
2837,KR7024090003
2838,KR7037350006
2839,KR7222420002
2840,KR7005930003
2841,KR7226850006
2842,KR7331520007
2843,KR7005960000
2844,KR7090430000
2845,KR7010600005
2846,KR7100220003
2847,KR7039570007
2848,KR7325020006
2849,KR7226950004
2850,KR7051490001
2851,KR7045060001
